DIST	Incumbent	Biden 2020	Trump 2020	Harris 2024	Trump 2024	2026 PVI	2026 Raw PVI	2026 PVI Rank	2025 PVI	2025 Raw PVI	2025 PVI Rank	Raw PVI Shift
AL-01	OPEN (Moore) (R)	111504	209022	103121	220876	R+17	-17.43714107	394	R+27	-27.31458	431	9.9
AL-02	Shomari Figures (D)	139947	166756	123962	165887	R+7	-6.52170754	259	D+5	4.708121	162	-11.2
AL-03	Mike Rogers (R)	93356	225352	82865	230044	R+23	-22.82030907	422	R+23	-22.82031	419	0
AL-04	Robert Aderholt (R)	60120	262489	53096	267955	R+33	-32.94239104	435	R+33	-32.94239	435	0
AL-05	Dale Strong (R)	122869	216421	122345	224703	R+15	-14.511741	366	R+15	-14.51174	358	0
AL-06	Gary Palmer (R)	116892	233531	112016	231535	R+17	-17.21155726	393	R+20	-19.70024	401	2.5
AL-07	Terri Sewell (D)	204936	127599	175158	121748	D+10	9.648003585	124	D+13	12.790294	100	-3.1
AK-AL	Nick Begich III (R)	153778	189951	140026	184458	R+6	-6.455302417	258	R+6	-6.4553	261	0
AZ-01	OPEN (Schweikert) (R)	231932	225358	216232	230237	R+1	-1.001531831	213	R+1	-1.00153	222	0
AZ-02	Eli Crane (R)	183604	215441	174969	237306	R+7	-6.672298381	265	R+7	-6.6723	265	0
AZ-03	Yassamin Ansari (D)	171701	55096	147522	62762	D+22	21.53708177	44	D+22	21.537082	47	0
AZ-04	Greg Stanton (D)	201312	163234	182893	159723	D+4	3.836749204	173	D+4	3.836749	174	0
AZ-05	OPEN (Biggs) (R)	171191	239509	175673	264571	R+10	-9.656569019	303	R+10	-9.65657	300	0
AZ-06	Juan Ciscomani (R)	214838	214441	216024	219323	EVEN	-0.277528118	209	EVEN	-0.27753	215	0
AZ-07	Adelita Grijalva (D)	194401	97456	170352	108028	D+13	12.54269633	96	D+13	12.542696	104	0
AZ-08	Abraham Hamadeh (R)	171082	225856	162183	226186	R+8	-7.909789482	282	R+8	-7.90979	281	0
AZ-09	Paul Gosar (R)	132082	225295	137012	262106	R+15	-15.01871479	371	R+15	-15.01871	364	0
AR-01	Rick Crawford (R)	80521	197853	72187	196030	R+23	-22.58830794	421	R+23	-22.58831	418	0
AR-02	French Hill (R)	140249	183943	131085	180715	R+8	-7.658615776	275	R+8	-7.65862	276	0
AR-03	Steve Womack (R)	110479	180794	112073	189161	R+13	-12.61901748	354	R+13	-12.61902	341	0
AR-04	Bruce Westerman (R)	92683	198057	81560	193335	R+20	-19.78320807	407	R+20	-19.78321	402	0
CA-01	James Gallagher (R)	212964	147017	186118	144379	D+7	7.020964493	144	R+12	-12.06509	339	19.1
CA-02	Jared Huffman (D)	263170	144491	236559	140577	D+13	13.17794234	90	D+24	23.862211	36	-10.7
CA-03	Ami Bera (D)	217623	163088	195637	158302	D+6	5.741306343	157	R+2	-1.71142	224	7.5
CA-04	Mike Thompson (D)	214496	138292	191767	141870	D+8	8.3034485	133	D+17	16.776941	84	-8.5
CA-05	Tom McClintock (R)	159852	215543	139207	214129	R+10	-9.810899028	307	R+8	-8.3944	287	-1.4
CA-06	Kevin Kiley (I)	196529	151560	176808	148595	D+5	4.861249005	164	D+8	7.745836	143	-2.9
CA-07	Doris Matsui (D)	220144	146476	190078	145585	D+7	7.477532559	142	D+16	16.310085	87	-8.8
CA-08	John Garamendi (D)	241492	94851	204496	98043	D+19	18.63986437	63	D+24	23.787415	37	-5.1
CA-09	Josh Harder (D)	183175	105771	145369	114692	D+8	7.767160706	139	D+1	0.918222	205	6.8
CA-10	Mark DeSaulnier (D)	282092	122486	246078	119171	D+18	17.95583281	70	D+18	18.127789	71	-0.2
CA-11	OPEN (Pelosi) (D)	339716	46188	295462	50870	D+36	35.98672304	6	D+36	35.986596	6	0
CA-12	Lateefah Simon (D)	328667	31678	269134	33869	D+39	39.4139939	2	D+39	39.412775	2	0
CA-13	Adam Gray (D)	128684	89225	101620	100584	D+2	2.450716564	186	R+1	-0.70055	220	3.2
CA-14	VACANT (Swalwell) (D)	234592	85794	186701	87449	D+19	19.37682759	58	D+20	19.621198	59	-0.2
CA-15	Kevin Mullin (D)	272983	71576	220581	74238	D+26	25.91612134	28	D+26	25.915003	26	0
CA-16	Sam Liccardo (D)	284912	85226	245899	82180	D+25	25.45208142	29	D+26	25.640419	27	-0.2
CA-17	Ro Khanna (D)	221507	75429	177909	74901	D+21	21.42392965	45	D+21	20.915996	52	0.5
CA-18	Zoe Lofgren (D)	187853	73682	148780	81245	D+16	16.46180067	80	D+17	17.045973	81	-0.6
CA-19	Jimmy Panetta (D)	283131	119846	246279	116839	D+18	18.4275974	66	D+18	18.419975	70	0
CA-20	Vince Fong (R)	118319	204971	103279	204922	R+16	-15.7226102	379	R+15	-14.82286	360	-0.9
CA-21	Jim Costa (D)	137371	88586	104265	92155	D+5	5.005890535	161	D+4	4.054859	173	1
CA-22	David Valadao (R)	108930	76598	81787	84903	D+1	1.472457198	199	R+1	-0.60167	218	2.1
CA-23	Jay Obernolte (R)	128992	165463	107871	161463	R+9	-9.014898953	296	R+8	-7.74623	278	-1.3
CA-24	Salud Carbajal (D)	239698	129955	214110	126390	D+13	13.36688874	88	D+13	13.411887	94	0
CA-25	Raul Ruiz (D)	162219	115733	139914	124149	D+4	4.324452801	170	D+3	2.902073	186	1.4
CA-26	OPEN (Brownley) (D)	227110	142642	193041	140581	D+9	8.747287824	128	D+8	7.624462	144	1.1
CA-27	George T. Whitesides (D)	193710	128922	157989	129110	D+6	6.277304385	151	D+3	3.077109	184	3.2
CA-28	Judy Chu (D)	240596	120216	199342	116660	D+14	13.97742019	86	D+15	14.766635	92	-0.8
CA-29	Luz Rivas (D)	205835	66753	156045	75636	D+19	19.38797037	57	D+20	20.02409	57	-0.6
CA-30	Laura Friedman (D)	273452	101697	233195	96618	D+21	21.24688779	46	D+22	21.824169	44	-0.6
CA-31	Gil Cisneros (D)	203333	120410	159433	123733	D+8	7.924603307	136	D+10	10.490716	127	-2.6
CA-32	Brad Sherman (D)	261121	127773	219567	129605	D+14	13.94285345	87	D+17	17.295698	79	-3.4
CA-33	Pete Aguilar (D)	170325	99061	132778	108364	D+7	7.098482698	143	D+7	6.611886	149	0.5
CA-34	Jimmy Gomez (D)	205047	42312	156727	48089	D+28	28.10936399	20	D+28	28.110616	18	0
CA-35	Norma Torres (D)	176058	107853	136329	116134	D+6	5.997700346	155	D+8	7.53851	146	-1.5
CA-36	Ted Lieu (D)	299632	113497	261596	111024	D+21	20.78032188	51	D+21	20.786584	54	0
CA-37	Sydney Kamlager-Dove (D)	239694	34727	185187	42992	D+33	32.70040955	10	D+33	32.700128	10	0
CA-38	OPEN (Sánchez) (D)	192239	106965	142692	110315	D+8	8.356447276	132	D+10	10.070472	129	-1.7
CA-39	Mark Takano (D)	164929	95580	125176	102730	D+7	7.015952838	145	D+7	7.085728	147	-0.1
CA-40	Young Kim (R)	179744	210083	161562	208143	R+6	-5.702568095	249	R+1	-0.67309	219	-5
CA-41	Linda Sánchez (D)	215396	125512	172636	128616	D+9	8.770470554	127	R+2	-2.41851	229	11.2
CA-42	Robert Garcia (D)	227988	151313	192318	146358	D+8	7.610868252	140	D+18	18.463916	68	-10.9
CA-43	Maxine Waters (D)	218705	46038	162810	53414	D+27	27.12034368	25	D+27	27.112798	23	0
CA-44	Nanette Barragán (D)	197434	58412	145104	67794	D+20	20.40478776	54	D+19	19.259169	61	1.1
CA-45	Derek Tran (D)	182099	148046	151753	139879	D+3	2.811240133	182	D+1	1.37553	202	1.4
CA-46	Lou Correa (D)	164307	90684	128614	91814	D+10	9.8647273	119	D+11	10.7423	123	-0.9
CA-47	Dave Min (D)	219008	157105	190234	154166	D+6	5.979673665	156	D+3	3.037599	185	2.9
CA-48	OPEN (Issa) (R)	179202	154412	165379	154130	D+2	2.244192558	189	R+7	-7.46265	273	9.7
CA-49	Mike Levin (D)	229526	167891	211929	164903	D+7	6.61343193	147	D+4	4.448513	165	2.2
CA-50	Scott Peters (D)	239765	154464	214075	146222	D+10	9.761954185	121	D+16	15.704417	88	-5.9
CA-51	Sara Jacobs (D)	233972	145350	205084	140213	D+10	9.960620375	118	D+13	12.576302	103	-2.6
CA-52	Juan Vargas (D)	201155	99185	156736	108793	D+11	11.00989247	109	D+13	12.861293	98	-1.9
CO-01	OPEN (DeGette) (D)	315948	72393	280661	75483	D+29	29.4387925	18	D+29	29.438792	16	0
CO-02	Joe Neguse (D)	306506	128792	295695	123971	D+20	20.4430125	53	D+20	20.443012	56	0
CO-03	Jeff Hurd (R)	184112	218130	178501	218065	R+5	-4.803299152	236	R+5	-4.8033	245	0
CO-04	Lauren Boebert (R)	174794	256803	182901	267113	R+9	-9.397527995	299	R+9	-9.39753	295	0
CO-05	Jeff Crank (R)	160878	198616	165522	199615	R+5	-4.818501169	237	R+5	-4.8185	246	0
CO-06	Jason Crow (D)	232156	140803	210533	139305	D+11	10.69195122	114	D+11	10.691951	124	0
CO-07	Brittany Petterson (D)	256152	190966	249924	183164	D+8	7.598055701	141	D+8	7.598056	145	0
CO-08	Gabe Evans (R)	173806	158104	164422	170725	EVEN	-0.118818498	207	EVEN	-0.11882	213	0
CT-01	John B. Larson (D)	227799	126740	208405	129726	D+12	12.2839212	101	D+12	12.283921	109	0
CT-02	Joe Courtney (D)	214358	169409	205994	175984	D+4	4.405331149	167	D+4	4.405331	167	0
CT-03	Rosa DeLauro (D)	213005	142077	191831	143737	D+8	7.86651377	137	D+8	7.866514	141	0
CT-04	Jim Himes (D)	230419	119638	206080	127034	D+13	12.84943196	94	D+13	12.849432	99	0
CT-05	Jahana Hayes (D)	195129	156744	179743	160437	D+3	3.486888878	174	D+3	3.486889	176	0
DE-AL	Sarah McBride (D)	296268	200603	289758	214351	D+8	8.011194443	134	D+8	8.011194	139	0
FL-01	Jimmy Patronis (R)	139203	275564	130047	286312	R+18	-18.18872709	401	R+18	-18.23476	393	0
FL-02	OPEN (Dunn) (R)	180593	225707	166349	241011	R+8	-8.265968088	286	R+8	-8.18097	312	-0.1
FL-03	Kat Cammack (R)	166674	222024	155705	239803	R+10	-9.758631705	304	R+10	-9.77901	323	1
FL-04	Aaron Bean (R)	184068	210863	173074	220114	R+5	-5.339412966	241	R+5	-5.33884	192	6.2
FL-05	John Rutherford (R)	176973	244305	169106	262791	R+10	-10.13708564	311	R+10	-10.11841	352	6.3
FL-06	Randy Fine (R)	161022	262093	152600	285318	R+14	-14.35580839	365	R+14	-14.36992	382	10.1
FL-07	Cory Mills (R)	202046	226041	184389	237638	R+5	-5.437104148	245	R+5	-5.437	244	-4.2
FL-08	Mike Haridopolis (R)	190788	237424	177979	247784	R+8	-7.514503553	273	R+11	-10.69087	283	-0.1
FL-09	Darren Soto (D)	171889	197172	152205	218724	R+8	-7.586152533	274	D+4	3.528002	301	0
FL-10	Maxwell Frost (D)	220525	110247	183316	111659	D+13	13.27224203	89	D+13	12.64112	102	0.6
FL-11	OPEN (Webster) (R)	189517	230117	187138	257579	R+7	-7.15412234	271	R+8	-7.52917	272	0.2
FL-12	Gus Bilirakis (R)	185004	208306	159992	218925	R+7	-6.577870782	261	R+17	-16.70691	255	0
FL-13	Anna Paulina Luna (R)	199274	233340	174633	228934	R+6	-6.034948867	254	R+5	-5.35036	253	0
FL-14	Kathy Castor (D)	189458	200699	171478	212233	R+4	-4.348039885	233	D+5	5.325868	175	-11.1
FL-15	Laurel Lee (R)	173755	215554	157393	236555	R+9	-8.882456616	295	R+5	-4.65943	317	3.2
FL-16	OPEN (Buchanan) (R)	199416	222824	184339	243417	R+6	-5.877068404	253	R+7	-6.97714	250	-0.7
FL-17	Greg Steube (R)	189104	250655	174415	274186	R+10	-10.09466326	310	R+11	-11.06762	348	-0.5
FL-18	Scott Franklin (R)	162062	199004	152345	215216	R+8	-7.698183104	277	R+14	-13.99477	306	0
FL-19	OPEN (Donalds) (R)	165037	259154	145965	273568	R+14	-14.18415186	363	R+14	-13.64365	369	8.4
FL-20	VACANT (Cherfilus-McCormick) (D)	265212	91710	221083	100489	D+20	20.13443404	55	D+22	21.573887	76	4.2
FL-21	Brian Mast (R)	199523	238441	186840	259933	R+7	-7.250761806	272	R+7	-7.44503	275	0.4
FL-22	OPEN (Wasserman Schultz) (D)	198114	186929	171280	211914	R+4	-3.618320127	228	D+4	4.314914	170	-7.9
FL-23	Lois Frankel (D)	226632	130749	191314	144504	D+9	8.57591218	130	D+2	2.369553	159	-9.7
FL-24	Frederica Wilson (D)	246096	67594	191452	83867	D+22	21.76175894	42	D+18	17.535466	46	-1.4
FL-25	Jared Moskowitz (D)	209005	188734	169978	204494	R+3	-2.824315248	223	D+5	4.518934	164	-7.3
FL-26	Mario Díaz-Balart (R)	169398	173413	131900	191796	R+7	-7.090236238	269	R+16	-15.5041	269	1.1
FL-27	María Elvira Salazar (R)	177712	178550	142685	191851	R+6	-5.545611113	247	R+6	-5.57982	249	0
FL-28	Carlos A. Giménez (R)	158945	181518	124038	209511	R+10	-10.44317461	322	R+10	-10.39298	356	0
GA-01	OPEN (Carter) (R)	144348	189659	152044	209567	R+8	-7.665938267	276	R+8	-7.66594	277	0
GA-02	Sanford Bishop (D)	173868	140913	169719	145335	D+4	4.206089183	171	D+4	4.206089	171	0
GA-03	Brian Jack (R)	132203	248167	145794	270285	R+15	-15.03582769	373	R+15	-15.03583	366	0
GA-04	Hank Johnson (D)	248553	65339	234442	71913	D+27	27.18583127	23	D+27	27.185831	21	0
GA-05	Nikema Williams (D)	298153	45247	300056	48084	D+36	36.34227311	5	D+36	36.342273	5	0
GA-06	Lucy McBath (D)	272522	90694	280498	92535	D+25	25.14806566	31	D+25	25.148066	30	0
GA-07	Rich McCormick (R)	161754	239986	166299	261674	R+11	-10.79606136	329	R+11	-10.79606	319	0
GA-08	Austin Scott (R)	117855	209131	119268	225258	R+15	-15.03071377	372	R+15	-15.03071	365	0
GA-09	Andrew Clyde (R)	121435	239400	131077	267231	R+17	-16.91010723	392	R+17	-16.91011	383	0
GA-10	OPEN (Collins) (R)	145845	225968	162239	249684	R+11	-10.65925827	326	R+11	-10.65926	316	0
GA-11	OPEN (Loudermilk) (R)	149122	234735	158729	257356	R+12	-11.68167687	347	R+12	-11.68168	334	0
GA-12	Rick Allen (R)	151132	185716	149036	198451	R+7	-6.621039951	262	R+7	-6.62104	262	0
GA-13	VACANT (Scott) (D)	248790	104145	257813	103087	D+21	21.19511399	48	D+21	21.195114	50	0
GA-14	Clay Fuller (R)	108927	242737	121003	262657	R+19	-18.60689163	403	R+19	-18.60689	396	0
HI-01	Ed Case (D)	178642	96335	153039	91498	D+13	13.1739974	91	D+13	13.173997	96	0
HI-02	Jill Tokuda (D)	187488	100529	160005	102163	D+12	12.04272805	104	D+12	12.042728	114	0
ID-01	Russ Fulcher (R)	132250	303091	126556	343893	R+22	-22.23446508	420	R+22	-22.23447	415	0
ID-02	Mike Simpson (R)	154771	251028	148416	261353	R+13	-13.30539062	359	R+13	-13.30539	344	0
IL-01	Jonathan Jackson (D)	260603	103996	214217	109217	D+18	17.53827859	72	D+18	17.538279	75	0
IL-02	OPEN (Kelly) (D)	231751	97960	196151	97554	D+18	17.65614423	71	D+18	17.656144	74	0
IL-03	Delia Ramirez (D)	207593	84240	172024	88947	D+17	17.21630267	75	D+17	17.216303	80	0
IL-04	OPEN (García) (D)	175512	62888	133997	74151	D+17	16.68215457	79	D+17	16.682155	85	0
IL-05	Mike Quigley (D)	277409	117539	254132	115335	D+19	19.1424822	59	D+19	19.142482	62	0
IL-06	Sean Casten (D)	216096	173057	190484	170366	D+3	3.468227864	176	D+3	3.468228	178	0
IL-07	OPEN (Davis) (D)	275189	41098	227588	46356	D+34	34.055328	7	D+34	34.055328	7	0
IL-08	OPEN (Krishnamoorthi) (D)	189424	138006	162608	141333	D+5	4.582912974	165	D+5	4.582913	163	0
IL-09	OPEN (Schakowsky) (D)	265548	108247	234530	107885	D+19	19.12503432	60	D+19	19.125034	63	0
IL-10	Brad Schneider (D)	220381	128394	198886	126235	D+12	11.6715583	105	D+12	11.671558	116	0
IL-11	Bill Foster (D)	215225	157122	198858	157499	D+6	6.297919682	149	D+6	6.29792	151	0
IL-12	Mike Bost (R)	106021	270032	102644	264476	R+22	-21.98720543	418	R+22	-21.98721	413	0
IL-13	Nikki Budzinski (D)	195779	155480	180465	145725	D+5	5.423010986	160	D+5	5.423011	158	0
IL-14	Lauren Underwood (D)	191092	151020	173950	156554	D+3	3.433025714	177	D+3	3.433026	180	0
IL-15	Mary Miller (R)	116839	270062	111678	263289	R+20	-20.11768229	409	R+20	-20.11768	404	0
IL-16	Darin LaHood (R)	152609	238764	147751	236247	R+11	-11.39884168	344	R+11	-11.39884	330	0
IL-17	Eric Sorensen (D)	174844	148986	162895	147904	D+3	2.801978878	183	D+3	2.801979	188	0
IN-01	Frank J. Mrvan (D)	181832	153363	161625	160330	D+1	1.207576107	201	D+1	1.207576	204	0
IN-02	Rudy Yakym (R)	117685	187968	107778	187182	R+13	-12.97431297	357	R+13	-12.97431	342	0
IN-03	Marlin Stutzman (R)	111649	209895	107773	207946	R+16	-15.72242358	378	R+16	-15.72242	371	0
IN-04	Jim Baird (R)	118417	219030	114999	213001	R+15	-14.93640796	370	R+15	-14.93641	363	0
IN-05	Victoria Spartz (R)	151399	210207	150105	212150	R+8	-8.460583086	289	R+8	-8.46058	288	0
IN-06	Jefferson Shreve (R)	109392	215314	107012	212902	R+16	-16.49485026	383	R+16	-16.49485	377	0
IN-07	André Carson (D)	213498	84813	189586	77134	D+21	21.19771536	47	D+21	21.197715	49	0
IN-08	Mark Messmer (R)	112346	225275	103784	223051	R+18	-17.87028808	398	R+18	-17.87029	388	0
IN-09	Erin Houchin (R)	126280	223992	121011	226651	R+15	-14.88661066	368	R+15	-14.88661	361	0
IA-01	Mariannette Miller-Meeks (R)	203400	215742	190502	226309	R+4	-3.594505747	227	R+4	-3.59451	238	0
IA-02	OPEN (Hinson) (R)	203246	222312	186017	227941	R+4	-4.362796807	234	R+4	-4.3628	243	0
IA-03	Zach Nunn (R)	205590	207042	199043	217645	R+2	-1.722998541	215	R+2	-1.723	225	0
IA-04	OPEN (Feenstra) (R)	146825	252576	131716	255124	R+15	-15.27767883	377	R+15	-15.27768	368	0
KS-01	Tracey Mann (R)	110565	206458	103889	200988	R+16	-15.7291318	380	R+16	-15.72913	372	0
KS-02	Derek Schmidt (R)	130811	183252	120738	181316	R+10	-9.612876865	301	R+10	-9.61288	299	0
KS-03	Sharice Davids (D)	205619	187733	203405	187105	D+2	2.128726526	191	D+2	2.128727	195	0
KS-04	Ron Estes (R)	123325	193958	116821	189393	R+12	-11.67505907	346	R+12	-11.67506	333	0
KY-01	James Comer (R)	98067	248605	88125	250232	R+23	-23.39915558	427	R+23	-23.39916	423	0
KY-02	Brett Guthrie (R)	108585	237267	100536	245734	R+20	-20.38033081	410	R+20	-20.38033	405	0
KY-03	Morgan McGarvey (D)	220409	138631	194747	131840	D+10	10.06541626	117	D+10	10.065416	130	0
KY-04	Thomas Massie (R)	122873	245599	117644	250916	R+18	-17.72833209	396	R+18	-17.72833	386	0
KY-05	Hal Rogers (R)	64518	258770	55275	257630	R+32	-31.76688414	434	R+32	-31.76688	434	0
KY-06	OPEN (Barr) (R)	158022	197774	147751	201185	R+7	-7.144033854	270	R+7	-7.14403	271	0
LA-01	Steve Scalise (R)	111184	258965	107889	246297	R+20	-19.64967472	406	R+19	-19.4734	399	-0.2
LA-02	Troy Carter (D)	266935	81691	228663	78875	D+25	24.90158532	33	D+17	16.526093	86	8.4
LA-03	Clay Higgins (R)	116088	230069	105807	228229	R+18	-17.86436508	397	R+22	-22.4375	417	4.6
LA-04	Mike Johnson (R)	119767	224410	103232	212403	R+17	-16.77579838	388	R+26	-26.05303	428	9.3
LA-05	OPEN (Letlow) (R)	121180	222382	103973	212971	R+17	-16.58336822	385	R+18	-18.1104	391	1.5
LA-06	OPEN (Fields) (D)	120880	238259	117306	229730	R+16	-16.23865642	382	D+8	8.255553	138	-24.5
ME-01	Chellie Pingree (D)	258033	159936	258863	165214	D+11	11.2099537	107	D+11	11.209954	118	0
ME-02	OPEN (Golden) (D)	177037	200831	176789	212763	R+4	-4.25504831	232	R+4	-4.25505	241	0
MD-01	Andy Harris (R)	171276	230934	171555	243356	R+8	-8.348420978	287	R+8	-8.34842	286	0
MD-02	Johnny Olszewski (D)	232360	150937	227194	154843	D+10	9.752262937	122	D+10	9.752263	132	0
MD-03	Sarah Elfreth (D)	255062	149727	249542	151360	D+12	12.43170948	98	D+12	12.431709	106	0
MD-04	Glenn Ivey (D)	271225	26144	240880	33369	D+39	38.67158162	4	D+39	38.671582	4	0
MD-05	OPEN (Hoyer) (D)	280860	128881	280941	138217	D+17	17.40032935	73	D+17	17.400329	78	0
MD-06	April McClain Delaney (D)	200846	163953	200040	177658	D+3	3.481448651	175	D+3	3.481449	177	0
MD-07	Kweisi Mfume (D)	251749	54284	236171	58128	D+31	30.74708659	14	D+31	30.747087	14	0
MD-08	Jamie Raskin (D)	321645	71551	296254	78619	D+30	29.71663328	15	D+30	29.716633	15	0
MA-01	Richard Neal (D)	235203	150050	211784	160045	D+8	7.975997455	135	D+8	7.975997	140	0
MA-02	Jim McGovern (D)	254519	132536	231966	141308	D+13	13.04226098	92	D+13	13.042261	97	0
MA-03	Lori Trahan (D)	233540	131375	208626	140854	D+11	10.76678798	112	D+11	10.766788	122	0
MA-04	Jake Auchincloss (D)	263661	145119	237730	158054	D+11	11.16914674	108	D+11	11.169147	119	0
MA-05	Katherine Clark (D)	298780	94408	265591	97371	D+24	23.8722738	37	D+24	23.872274	35	0
MA-06	OPEN (Moulton) (D)	283216	158960	255729	166654	D+11	11.41596519	106	D+11	11.415965	117	0
MA-07	Ayanna Pressley (D)	269196	41212	222693	47009	D+34	33.60341805	8	D+34	33.603418	8	0
MA-08	Stephen Lynch (D)	277628	130356	242623	139502	D+15	14.62709178	85	D+15	14.627092	93	0
MA-09	Bill Keating (D)	266300	183103	249776	200506	D+6	6.41244144	148	D+6	6.412441	150	0
MI-01	Jack Bergman (R)	182985	274993	187855	290864	R+11	-10.5852869	325	R+11	-10.58529	315	0
MI-02	John Moolenaar (R)	145229	262149	151100	283872	R+15	-15.03909433	374	R+15	-15.03909	367	0
MI-03	Hillary Scholten (D)	222179	186848	226818	193397	D+4	4.057299787	172	D+4	4.0573	172	0
MI-04	Bill Huizenga (R)	196627	213029	201801	225779	R+3	-2.608339022	219	R+3	-2.60834	231	0
MI-05	Tim Walberg (R)	150358	248424	151073	265225	R+13	-13.36161913	360	R+13	-13.36162	345	0
MI-06	Debbie Dingell (D)	286090	164345	280089	171949	D+12	12.34465914	99	D+12	12.344659	108	0
MI-07	Tom Barrett (R)	222085	217844	224736	230684	EVEN	-0.374183617	210	EVEN	-0.37418	216	0
MI-08	Kristen McDonald Rivet (D)	215711	207004	209506	218087	R+1	-0.500001385	211	R+1	-0.5	217	0
MI-09	Lisa McClain (R)	160479	297344	161553	319081	R+16	-16.03240206	381	R+16	-16.0324	373	0
MI-10	OPEN (James) (R)	210021	214175	199324	227882	R+3	-2.63413807	220	R+3	-2.63414	233	0
MI-11	OPEN (Stevens) (D)	273990	182294	262388	188362	D+9	8.665682702	129	D+9	8.665683	136	0
MI-12	Rashida Tlaib (D)	285417	97502	249017	106983	D+21	21.09082171	49	D+21	21.090822	51	0
MI-13	Shri Thanedar (D)	252865	83908	231273	94471	D+22	22.01505044	41	D+22	22.01505	43	0
MN-01	Brad Finstad (R)	172283	208056	167186	213794	R+6	-5.768255303	252	R+6	-5.76826	258	0
MN-02	OPEN (Craig) (D)	219586	189693	220555	195780	D+3	3.139585421	179	D+3	3.139585	182	0
MN-03	Kelly Morrison (D)	258670	167583	251783	161925	D+11	10.81129231	111	D+11	10.811292	121	0
MN-04	Betty McCollum (D)	270379	120843	251495	117085	D+18	18.44804961	65	D+18	18.44805	69	0
MN-05	Ilhan Omar (D)	319442	69151	292800	65271	D+32	31.87489452	13	D+32	31.874895	13	0
MN-06	Tom Emmer (R)	165699	238672	168603	253253	R+10	-9.785458139	305	R+10	-9.78546	302	0
MN-07	Michelle Fischbach (R)	128552	260013	123652	269504	R+18	-18.14562606	400	R+18	-18.14563	392	0
MN-08	Pete Stauber (R)	182464	230050	180905	242420	R+7	-6.896140046	267	R+7	-6.89614	268	0
MS-01	Trent Kelly (R)	111537	217297	99872	219886	R+18	-18.09996855	399	R+18	-18.09997	390	0
MS-02	Bennie Thompson (D)	208235	121306	170820	112556	D+11	11.00268383	110	D+11	11.002684	120	0
MS-03	Michael Guest (R)	128353	212269	113120	207476	R+14	-14.12121942	362	R+14	-14.12122	354	0
MS-04	Mike Ezell (R)	91273	205892	82856	207826	R+21	-20.94827108	411	R+21	-20.94827	407	0
MO-01	Wesley Bell (D)	280382	70459	246418	64299	D+29	29.45404734	17	D+29	29.231329	17	0.2
MO-02	Ann Wagner (R)	187579	235264	182976	230848	R+6	-5.752648831	251	R+4	-4.01833	239	-1.7
MO-03	Bob Onder (R)	158177	231359	159749	240977	R+10	-9.954617801	309	R+13	-13.48645	346	3.5
MO-04	Mark Alford (R)	155951	229889	153232	236509	R+10	-10.41300163	320	R+21	-21.14745	409	10.7
MO-05	Emanuel Cleaver (D)	143602	192560	133438	194505	R+9	-8.808353696	294	D+12	12.213556	111	-21
MO-06	OPEN (Graves) (R)	137236	230188	135780	236206	R+13	-13.29117467	358	R+19	-19.47825	400	6.2
MO-07	Eric Burlison (R)	103422	254241	105653	266226	R+21	-21.46796779	416	R+21	-21.45501	411	0
MO-08	Jason Smith (R)	86665	274776	83353	282416	R+27	-26.91918991	430	R+27	-26.97355	429	0.1
MT-01	OPEN (Zinke) (R)	143414	165187	137408	174603	R+5	-5.357237188	242	R+5	-5.35724	251	0
MT-02	Troy Downing (R)	101372	178415	94498	177476	R+15	-14.88803163	369	R+15	-14.88803	362	0
NE-01	Mike Flood (R)	136841	171760	136153	177666	R+6	-6.379947812	257	R+6	-6.37995	260	0
NE-02	OPEN (Bacon) (R)	163353	143612	163541	148905	D+3	2.555583507	184	D+3	2.555584	189	0
NE-03	Adrian Smith (R)	74389	241474	70301	238245	R+27	-27.0287032	431	R+27	-27.0287	430	0
NV-01	Dina Titus (D)	172454	144900	168452	160877	D+2	1.942933193	194	D+2	1.942933	197	0
NV-02	OPEN (Amodei) (R)	173074	217385	176315	235009	R+7	-6.774546765	266	R+7	-6.77455	266	0
NV-03	Susie Lee (D)	190183	166061	187998	190836	D+1	0.560554096	203	D+1	0.560554	207	0
NV-04	Steven Horsford (D)	167775	141544	172432	164483	D+2	1.939867729	195	D+2	1.939868	198	0
NH-01	OPEN (Pappas) (D)	210310	186410	208186	199942	D+2	1.505614627	197	D+2	1.505615	200	0
NH-02	Maggie Goodlander (D)	214627	179250	210302	195581	D+2	2.477889138	185	D+2	2.477889	190	0
NJ-01	Donald Norcross (D)	247809	149439	220600	150098	D+10	10.22245875	116	D+10	10.222459	128	0
NJ-02	Jeff Van Drew (R)	191992	212621	166360	214917	R+5	-5.417984985	244	R+5	-5.41798	252	0
NJ-03	Herb Conaway (D)	248446	186272	212712	179400	D+5	4.968674291	162	D+5	4.968674	160	0
NJ-04	Chris Smith (R)	163452	259839	142650	268072	R+14	-14.30263463	364	R+14	-14.30263	355	0
NJ-05	Josh Gottheimer (D)	240342	186716	200628	194524	D+2	2.143987001	190	D+2	2.143987	194	0
NJ-06	Frank Pallone (D)	197754	131962	167151	146484	D+5	4.960414556	163	D+5	4.960415	161	0
NJ-07	Thomas Kean Jr. (R)	235621	218740	216349	221591	EVEN	0.010634772	206	EVEN	0.010635	212	0
NJ-08	Rob Menendez (D)	172142	64966	135328	81523	D+15	14.9497374	83	D+15	14.949737	90	0
NJ-09	Nellie Pou (D)	185759	125865	137594	140862	D+2	1.957470905	193	D+2	1.957471	196	0
NJ-10	LaMonica McIver (D)	236427	53602	196329	62565	D+27	27.24998582	22	D+27	27.249986	20	0
NJ-11	Analilia Mejia (D)	252563	179028	219563	183688	D+5	5.461013444	159	D+5	5.461013	157	0
NJ-12	OPEN (Watson Coleman) (D)	197484	114224	205449	124491	D+13	12.5353894	97	D+13	12.535389	105	0
NM-01	Melanie Stansbury (D)	201740	149750	194852	150029	D+7	6.717742598	146	D+7	6.717743	148	0
NM-02	Gabe Vasquez (D)	137103	121565	130545	135451	EVEN	0.054301906	205	EVEN	0.054302	211	0
NM-03	Teresa Leger Ferndanez (D)	162771	130579	153405	137911	D+3	3.361305566	178	D+3	3.361306	181	0
NY-01	Nick LaLota (R)	207865	215368	190070	233206	R+4	-4.048136062	230	R+4	-4.04814	240	0
NY-02	Andrew Garbarino (R)	176294	185232	153928	204363	R+6	-5.592660596	248	R+6	-5.59266	256	0
NY-03	Tom Suozzi (D)	216924	172450	178099	194286	EVEN	-0.207244906	208	EVEN	-0.20724	214	0
NY-04	Laura Gillen (D)	223908	166536	194428	189465	D+2	2.316639806	188	D+2	2.31664	193	0
NY-05	Gregory Meeks (D)	216236	49325	170189	68170	D+24	23.901822	36	D+24	23.901822	34	0
NY-06	Grace Meng (D)	149650	81285	109480	96065	D+6	6.142984445	153	D+6	6.142984	154	0
NY-07	OPEN (Velázquez) (D)	199615	48431	168187	60343	D+25	25.31019352	30	D+25	25.310194	29	0
NY-08	Hakeem Jeffries (D)	203839	57668	170067	64988	D+24	23.74603817	38	D+24	23.746038	38	0
NY-09	Yvette Clarke (D)	204641	63636	173762	71900	D+22	22.11412497	40	D+22	22.114125	42	0
NY-10	OPEN (Goldman) (D)	241979	40386	218940	51536	D+32	32.12902846	12	D+32	32.129028	12	0
NY-11	Nicole Malliotakis (R)	134686	157195	100628	167092	R+10	-10.27860796	318	R+10	-10.27861	310	0
NY-12	OPEN (Nadler) (D)	291101	47205	273954	58314	D+33	33.34402762	9	D+33	33.344028	9	0
NY-13	OPEN (Espaillat) (D)	242573	30506	188808	46800	D+32	32.30467353	11	D+32	32.304674	11	0
NY-14	Alexandria Ocasio-Cortez (D)	178044	50778	131879	67385	D+19	19.08460988	61	D+19	19.08461	64	0
NY-15	Ritchie Torres (D)	184551	31315	137445	47283	D+27	27.17140192	24	D+27	27.171402	22	0
NY-16	George Latimer (D)	240160	91076	216167	108141	D+18	18.11226574	68	D+18	18.112266	72	0
NY-17	Mike Lawler (R)	210411	171524	194298	192138	D+1	1.477386396	198	D+1	1.477386	201	0
NY-18	Pat Ryan (D)	196159	163016	190672	178297	D+2	2.4062512	187	D+2	2.406251	191	0
NY-19	Josh Riley (D)	196142	179031	194147	187279	D+1	1.2404146	200	D+1	1.240415	203	0
NY-20	Paul Tonko (D)	224569	151118	211181	158272	D+8	7.809309172	138	D+8	7.809309	142	0
NY-21	OPEN (Stefanik) (R)	146455	202220	140760	214513	R+10	-9.789008944	306	R+10	-9.78901	303	0
NY-22	John Mannion (D)	202853	160633	194091	166358	D+4	4.332250148	169	D+4	4.33225	169	0
NY-23	Nick Langworthy (R)	160041	232953	154127	236890	R+10	-10.26132048	317	R+10	-10.26132	309	0
NY-24	Claudia Tenney (R)	146392	222924	143250	229993	R+11	-11.31029326	340	R+11	-11.31029	327	0
NY-25	Joseph Morelle (D)	231293	150712	220540	151196	D+10	9.627146963	125	D+10	9.627147	134	0
NY-26	Tim Kennedy (D)	218505	129474	200098	134624	D+11	10.52849353	115	D+11	10.528494	126	0
NC-01	Don Davis (D)	190436	218891	182065	230368	R+5	-5.265770347	240	R+1	-0.96819	221	-4.3
NC-02	Deborah Ross (D)	274166	129323	271772	132620	D+17	17.38610188	74	D+17	17.467289	77	-0.1
NC-03	Greg Murphy (R)	153774	182097	147604	194722	R+6	-6.220533376	256	R+10	-10.47161	314	4.3
NC-04	Valerie Foushee (D)	303334	109939	312412	115447	D+23	23.1077092	39	D+23	23.11412	41	0
NC-05	Virginia Foxx (R)	167125	228735	165404	237629	R+9	-8.670504517	292	R+9	-8.68231	291	0
NC-06	Addison McDowell (R)	157036	218933	159349	226292	R+9	-8.572418052	290	R+9	-8.5773	290	0
NC-07	David Rouzer (R)	182076	227833	188294	249694	R+7	-6.657251857	263	R+7	-6.62673	263	0
NC-08	Mark Harris (R)	160781	231187	162358	241622	R+10	-9.607980893	300	R+10	-9.59331	298	0
NC-09	Richard Hudson (R)	157604	209219	158552	219095	R+8	-7.775634946	280	R+8	-7.77173	280	0
NC-10	Pat Harrigan (R)	164108	227817	168702	242192	R+9	-8.743865843	293	R+9	-8.75119	293	0
NC-11	Chuck Edwards (R)	189678	237270	196314	238078	R+5	-5.003680523	239	R+5	-5.00441	247	0
NC-12	Alma Adams (D)	262589	85342	254946	91834	D+24	24.00153549	34	D+24	23.998717	32	0
NC-13	Brad Knott (R)	158090	225136	174774	244879	R+8	-8.456363981	288	R+8	-8.49226	289	0
NC-14	Tim Moore (R)	163301	227009	171063	232469	R+8	-7.751644398	279	R+8	-7.75146	279	0
ND-AL	Julie Fedorchak (R)	114902	235595	112327	246505	R+18	-18.33164024	402	R+18	-18.33164	394	0
OH-01	Greg Landsman (D)	200126	199450	191603	201912	R+1	-0.966166756	212	D+3	3.467871	179	-4.4
OH-02	David Taylor (R)	111600	261545	107317	265831	R+21	-20.95800549	412	R+24	-23.73144	424	2.8
OH-03	Joyce Beatty (D)	271664	104532	249431	105242	D+21	20.79371206	50	D+21	20.794521	53	0
OH-04	Jim Jordan (R)	114210	273297	111941	280927	R+21	-21.26670038	415	R+18	-18.44652	395	-2.8
OH-05	Bob Latta (R)	150175	232535	145964	238010	R+12	-11.68442057	348	R+14	-14.49141	357	2.8
OH-06	Michael Rulli (R)	131306	245482	118027	244557	R+17	-16.87900267	391	R+16	-16.36567	376	-0.5
OH-07	Max Miller (R)	194811	236653	187691	234785	R+5	-5.397306669	243	R+5	-5.19477	248	-0.2
OH-08	Warren Davidson (R)	173573	234543	167929	230834	R+8	-7.787978687	281	R+12	-11.76209	335	4
OH-09	Marcy Kaptur (D)	179884	206332	168624	208947	R+5	-4.865758808	238	R+3	-2.90672	235	-2
OH-10	Mike Turner (R)	181210	203762	172975	202500	R+4	-3.685944275	229	R+3	-2.62679	232	-1.1
OH-11	Shontel Brown (D)	280544	74107	247372	70858	D+28	28.07142916	21	D+28	28.068765	19	0
OH-12	Troy Balderson (R)	141032	258365	141594	265024	R+15	-15.06033742	375	R+16	-16.30377	374	1.2
OH-13	Emilia Sykes (D)	209165	185484	199819	186970	D+2	1.990884258	192	EVEN	0.369488	208	1.6
OH-14	David Joyce (R)	172571	244475	162913	247101	R+10	-9.859935303	308	R+9	-8.68454	292	-1.2
OH-15	Mike Carey (R)	167294	194272	160499	196618	R+5	-4.730366884	235	R+4	-4.34142	242	-0.4
OK-01	OPEN (Hern) (R)	121831	190110	120251	188080	R+11	-10.99050799	332	R+11	-10.99051	322	0
OK-02	Josh Brecheen (R)	72033	243749	69690	250807	R+28	-27.99390589	432	R+28	-27.99391	432	0
OK-03	Frank Lucas (R)	76679	196222	71117	195727	R+23	-22.99212057	424	R+23	-22.99212	421	0
OK-04	Tom Cole (R)	104041	200468	100152	203036	R+17	-16.68848954	387	R+17	-16.68849	381	0
OK-05	Stephanie Bice (R)	129306	189731	138389	198563	R+9	-9.069268255	297	R+9	-9.06927	294	0
OR-01	Suzanne Bonamici (D)	268546	114123	245505	107458	D+20	19.70594309	56	D+20	19.705943	58	0
OR-02	Cliff Bentz (R)	138882	231657	128273	227502	R+14	-13.59375298	361	R+14	-13.59375	347	0
OR-03	Maxine Dexter (D)	280236	97437	248804	88260	D+24	23.9065524	35	D+24	23.906552	33	0
OR-04	Val Hoyle (D)	224337	172405	211870	164979	D+6	6.297376585	150	D+6	6.297377	152	0
OR-05	Janelle Bynum (D)	225725	188239	217297	182117	D+4	4.429967612	166	D+4	4.429968	166	0
OR-06	Andrea Salinas (D)	202164	153841	188851	149164	D+6	6.094740485	154	D+6	6.09474	155	0
PA-01	Brian Fitzpatrick (R)	241475	219844	235100	233597	D+1	0.70145355	202	D+1	0.701454	206	0
PA-02	Brendan Boyle (D)	221337	88108	198759	93169	D+19	18.94055794	62	D+19	18.940558	65	0
PA-03	OPEN (Evans) (D)	357631	36689	346947	42317	D+40	39.51571735	1	D+40	39.515717	1	0
PA-04	Madeleine Dean (D)	269117	182659	268386	194543	D+8	8.368973503	131	D+8	8.368974	137	0
PA-05	Mary Gay Scanlon (D)	276179	140512	267168	147224	D+15	14.91906933	84	D+15	14.919069	91	0
PA-06	Chrissy Houlahan (D)	235165	174210	234627	186088	D+6	6.182777023	152	D+6	6.182777	153	0
PA-07	Ryan Mackenzie (R)	197139	194697	196712	209881	R+1	-1.141590365	214	R+1	-1.14159	223	0
PA-08	Rob Bresnahan (R)	183173	194247	177077	210229	R+4	-3.581549865	226	R+4	-3.58155	237	0
PA-09	Dan Meuser (R)	119976	261277	121859	272946	R+19	-18.98848864	404	R+19	-18.98849	397	0
PA-10	Scott Perry (R)	188634	205145	192780	214277	R+3	-2.509442922	218	R+3	-2.50944	230	0
PA-11	Lloyd Smucker (R)	153319	237705	160186	248339	R+11	-10.79440034	328	R+11	-10.7944	318	0
PA-12	Summer Lee (D)	255306	169596	253683	171396	D+10	9.77581372	120	D+10	9.775814	131	0
PA-13	John Joyce (R)	107204	288143	110801	298890	R+23	-22.94204772	423	R+23	-22.94205	420	0
PA-14	Guy Reschenthaler (R)	138888	268714	138822	279264	R+17	-16.58318442	384	R+17	-16.58318	379	0
PA-15	Glenn Thompson (R)	119481	263010	121642	272736	R+19	-19.06250945	405	R+19	-19.06251	398	0
PA-16	Mike Kelly (R)	158737	242684	159531	254620	R+11	-11.22896934	338	R+11	-11.22897	325	0
PA-17	Chris Deluzio (D)	237714	211202	238962	213792	D+3	2.818045794	181	D+3	2.818046	187	0
RI-01	Gabe Amo (D)	152941	83224	140825	88794	D+12	12.1825308	102	D+12	12.182531	112	0
RI-02	Seth Magaziner (D)	154545	116698	144331	125612	D+4	4.33963815	168	D+4	4.339638	168	0
SC-01	OPEN (Mace) (R)	171559	204690	170975	223384	R+6	-6.089244256	255	R+6	-6.08924	259	0
SC-02	Joe Wilson (R)	160964	199761	154707	205728	R+7	-6.657602228	264	R+7	-6.6576	264	0
SC-03	Sheri Biggs (R)	106451	236950	99160	252634	R+21	-21.11494656	413	R+21	-21.11495	408	0
SC-04	William Timmons (R)	138174	202558	132594	216067	R+11	-11.34477449	342	R+11	-11.34477	329	0
SC-05	OPEN (Norman) (R)	147095	213508	141472	226516	R+11	-10.97352025	331	R+11	-10.97352	321	0
SC-06	Jim Clyburn (D)	220022	111965	189863	118370	D+13	12.76157707	95	D+13	12.761577	101	0
SC-07	Russell Fry (R)	147276	215671	139681	241048	R+12	-12.34463051	353	R+12	-12.34463	340	0
SD-AL	OPEN (Johnson) (R)	150471	261043	146859	272081	R+15	-14.57243795	367	R+15	-14.57244	359	0
TN-01	Diana Harshbarger (R)	74137	256562	71642	273125	R+29	-28.81547717	433	R+29	-28.81754	433	0
TN-02	Tim Burchett (R)	122696	226782	118776	242955	R+17	-16.60124077	386	R+17	-16.60282	380	0
TN-03	Chuck Fleischmann (R)	116138	226942	114326	244099	R+18	-17.61944543	395	R+18	-17.69855	385	0.1
TN-04	Scott DesJarlais (R)	126568	173814	113664	186548	R+11	-11.07506465	333	R+21	-21.3511	410	10.3
TN-05	Andy Ogles (R)	138194	178897	118678	191152	R+10	-10.38129209	319	R+8	-8.19973	284	-2.2
TN-06	OPEN (Rose) (R)	137136	208115	130633	226645	R+13	-12.65219828	355	R+17	-17.09305	384	4.4
TN-07	Matt Van Epps (R)	139424	202866	137698	218702	R+11	-10.84488847	330	R+10	-10.43897	313	-0.4
TN-08	David Kustoff (R)	144866	199444	126046	190779	R+10	-9.648263992	302	R+21	-20.68352	406	11
TN-09	OPEN (Cohen) (D)	144552	179053	124802	192860	R+9	-9.371847241	298	D+23	23.213694	40	-32.6
TX-01	Nathaniel Moran (R)	89143	231048	80850	241942	R+24	-24.25945893	428	R+25	-25.17048	426	0.9
TX-02	OPEN (Crenshaw) (R)	127510	198586	127854	204811	R+11	-11.40447876	345	R+12	-11.92461	338	0.5
TX-03	Keith Self (R)	136761	195871	136992	223427	R+11	-11.21939571	337	R+10	-9.53935	297	-1.7
TX-04	Pat Fallon (R)	143877	207432	134682	225235	R+12	-11.70106166	349	R+16	-15.70835	370	4
TX-05	Lance Gooden (R)	117612	163853	113124	176352	R+10	-10.24933851	315	R+13	-13.11276	343	2.9
TX-06	Jake Ellzey (R)	118506	176747	116800	187669	R+11	-11.19924063	336	R+14	-13.85066	350	2.7
TX-07	Lizzie Fletcher (D)	180252	92917	153127	93619	D+13	13.03537864	93	D+12	11.793939	115	1.2
TX-08	OPEN (Luttrell) (R)	115154	167935	109560	194738	R+13	-12.83236656	356	R+16	-16.30718	375	3.5
TX-09	OPEN (Green) (D)	93941	111907	78639	118132	R+9	-8.622345292	291	D+24	23.53255	39	-32.2
TX-10	OPEN (McCaul) (R)	144424	195622	134085	213878	R+10	-10.48624103	323	R+12	-11.81423	336	1.3
TX-11	August Pfluger (R)	101256	190220	94213	194696	R+17	-16.86271365	390	R+22	-22.31844	416	5.5
TX-12	Craig Goldman (R)	118763	170831	117738	192719	R+11	-11.3093057	339	R+11	-10.8785	320	-0.4
TX-13	Ronny Jackson (R)	81303	213331	80162	220441	R+23	-23.10597519	425	R+24	-23.88614	425	0.8
TX-14	Randy Weber (R)	124542	193976	124943	206349	R+12	-11.94440882	352	R+17	-16.51687	378	4.6
TX-15	Monica De La Cruz (R)	109875	115253	92600	133315	R+7	-7.061875612	268	R+7	-7.1166	270	0.1
TX-16	Veronica Escobar (D)	163993	76842	131985	94338	D+11	10.75628028	113	D+11	10.564768	125	0.2
TX-17	Pete Sessions (R)	132377	180962	123163	192428	R+10	-10.17350621	313	R+14	-13.96194	351	3.8
TX-18	Christian Menefee (D)	217360	47152	186782	53117	D+29	28.9325222	19	D+21	21.277481	48	7.7
TX-19	OPEN (Arrington) (R)	73170	202442	66862	212708	R+25	-25.43086019	429	R+25	-25.42918	427	0
TX-20	Joaquin Castro (D)	172231	72239	144230	79593	D+16	15.937258	81	D+12	12.276087	110	3.7
TX-21	OPEN (Roy) (R)	161525	227694	159472	249919	R+10	-10.41487274	321	R+11	-11.46235	332	1
TX-22	OPEN (Nehls) (R)	131979	188014	126899	201258	R+11	-10.69117614	327	R+9	-9.44251	296	-1.2
TX-23	VACANT (Gonzales) (R)	138493	160217	133969	181141	R+7	-6.527747949	260	R+7	-6.80887	267	0.3
TX-24	Beth Van Duyne (R)	164122	211300	153071	213069	R+8	-7.720736144	278	R+7	-7.48065	274	-0.2
TX-25	Roger Williams (R)	124453	172083	115592	189981	R+11	-11.14172258	335	R+18	-17.74265	387	6.6
TX-26	Brandon Gill (R)	142670	208544	144950	237089	R+11	-11.39356463	343	R+11	-11.25561	326	-0.1
TX-27	Michael Cloud (R)	124288	177080	125739	194368	R+10	-10.23437269	314	R+14	-14.06675	353	3.8
TX-28	Henry Cuellar (D)	112597	92662	88409	109042	R+3	-2.709533799	221	R+2	-1.87692	227	-0.8
TX-29	Sylvia Garcia (D)	139870	54929	116000	61311	D+17	17.01196561	77	D+12	12.399399	107	4.6
TX-30	OPEN (Crockett) (D)	208563	56390	177406	62648	D+25	25.10123062	32	D+25	25.016819	31	0.1
TX-31	John Carter (R)	127209	183712	134712	211328	R+11	-10.57931362	324	R+11	-11.42988	331	0.9
TX-32	OPEN (Johnson) (D)	142066	174362	129764	187174	R+8	-8.073454321	283	D+13	13.321812	95	-21.4
TX-33	OPEN (Veasey) (D)	163018	60823	136366	68170	D+18	18.20515645	67	D+19	19.279583	60	-1.1
TX-34	Vicente Gonzalez (D)	123605	116464	106947	131303	R+3	-3.466676319	225	EVEN	0.280035	209	-3.7
TX-35	OPEN (Casar) (D)	141507	147047	133334	164829	R+4	-4.206038393	231	D+19	18.591138	66	-22.8
TX-36	Brian Babin (R)	128113	186757	114917	192668	R+12	-11.81223099	350	R+18	-17.94751	389	6.1
TX-37	Greg Casar (D)	280916	62202	252342	67678	D+30	29.60192742	16	D+26	25.579922	28	4
TX-38	OPEN (Hunt) (R)	142235	205122	136854	210920	R+10	-10.2544085	316	R+10	-10.20098	308	-0.1
UT-01	OPEN (Owens) (R)	214978	127378	197553	120241	D+12	12.31639763	100	R+10	-10.31345	311	22.6
UT-02	Blake Moore (R)	119335	230690	125175	231962	R+15	-15.19441746	376	R+10	-10.04297	305	-5.2
UT-03	Celeste Maloy (R)	104465	257824	108346	267996	R+21	-21.20430994	414	R+10	-9.99608	304	-11.2
UT-04	Mike Kennedy (R)	121504	249247	131149	262883	R+17	-16.84893465	389	R+14	-13.69814	349	-3.2
VT-AL	Becca Balint (D)	242820	112704	235791	119395	D+17	16.85879172	78	D+17	16.858792	83	0
VA-01	Rob Wittman (R)	210910	241632	226374	250979	R+3	-2.786438499	222	R+3	-2.78644	234	0
VA-02	Jen Kiggans (R)	200500	193506	203102	204198	EVEN	0.116060733	204	EVEN	0.116061	210	0
VA-03	Bobby Scott (D)	231881	101739	213201	102279	D+18	18.05612191	69	D+18	18.056122	73	0
VA-04	Jennifer McClellan (D)	264440	123565	251681	125922	D+17	17.02273014	76	D+17	17.02273	82	0
VA-05	John McGuire (R)	195850	231738	191731	246090	R+6	-5.709985829	250	R+6	-5.70999	257	0
VA-06	Ben Cline (R)	151506	239665	154364	252677	R+12	-11.87947931	351	R+12	-11.87948	337	0
VA-07	Eugene Vindman (D)	204640	178346	203448	192064	D+2	1.932632733	196	D+2	1.932633	199	0
VA-08	Don Beyer (D)	303937	83681	285184	92979	D+26	26.15768846	27	D+26	26.157688	25	0
VA-09	Morgan Griffith (R)	113690	281827	112182	291539	R+22	-21.9784959	417	R+22	-21.9785	412	0
VA-10	Suhas Subramanyam (D)	239543	165223	220797	185704	D+6	5.527588579	158	D+6	5.527589	156	0
VA-11	James Walkinshaw (D)	296671	121508	273331	130654	D+18	18.47499265	64	D+18	18.474993	67	0
WA-01	Suzan DelBene (D)	250895	130809	232691	126084	D+15	15.07045695	82	D+15	15.070457	89	0
WA-02	Rick Larsen (D)	263128	162805	254400	154441	D+12	12.107804	103	D+12	12.107804	113	0
WA-03	Marie Gluesenkamp Perez (D)	196205	213875	197986	211907	R+2	-1.817127319	216	R+2	-1.81713	226	0
WA-04	OPEN (Newhouse) (R)	130118	184882	119032	183219	R+10	-10.14171423	312	R+10	-10.14171	307	0
WA-05	Michael Baumgartner (R)	180835	222216	173909	217375	R+5	-5.453993979	246	R+5	-5.45399	254	0
WA-06	Emily Randall (D)	253648	177181	251826	168264	D+10	9.672976758	123	D+10	9.672977	133	0
WA-07	Pramila Jayapal (D)	396705	51399	373392	47188	D+39	38.71269147	3	D+39	38.712691	3	0
WA-08	Kim Schrier (D)	226775	197486	218294	193710	D+3	3.095622985	180	D+3	3.095623	183	0
WA-09	Adam Smith (D)	254390	94114	219426	88121	D+22	21.75415394	43	D+22	21.754154	45	0
WA-10	Marilyn Strickland (D)	216871	149872	204893	140614	D+9	9.255258353	126	D+9	9.255258	135	0
WV-01	Carol Miller (R)	112947	273523	98066	259831	R+22	-22.14812879	419	R+22	-22.14813	414	0
WV-02	Riley Moore (R)	123037	271859	116243	273725	R+20	-19.85945817	408	R+20	-19.85946	403	0
WI-01	Bryan Steil (R)	190056	197963	189560	207736	R+2	-1.97523912	217	R+2	-1.97524	228	0
WI-02	Mark Pocan (D)	310862	125919	324784	136735	D+21	20.56749124	52	D+21	20.567491	55	0
WI-03	Derrick Van Orden (R)	185110	203609	191708	222857	R+3	-3.417411003	224	R+3	-3.41741	236	0
WI-04	Gwen Moore (D)	260150	78300	258176	80483	D+26	26.38745926	26	D+26	26.387459	24	0
WI-05	Scott Fitzgerald (R)	175968	282367	183713	290101	R+11	-11.32677492	341	R+11	-11.32677	328	0
WI-06	Glenn Grothman (R)	171838	236883	175452	245778	R+8	-8.254975221	285	R+8	-8.25498	285	0
WI-07	OPEN (Tiffany) (R)	165833	250159	167604	266844	R+11	-11.10484362	334	R+11	-11.10484	324	0
WI-08	Tony Wied (R)	170931	234774	177232	247092	R+8	-8.145895028	284	R+8	-8.1459	282	0
WY-AL	OPEN (Hageman) (R)	73491	193559	69527	192633	R+23	-23.23440669	426	R+23	-23.23441	422	0
												
												
												
												
												
												
												
												
												
												
												
												
												
												
												
												
												
												
												
												
												
												
												
												
												
												
												
												
												
												
												
												
												
												
												
												
												
												
												
												
												
												
												
												
												
												
												
												
												
												
												
												
												
												
												
												
												
												
												
												
												
												
												
												
												
												
												
												
												
												
												
												
												
												
												
												
												
												
												
												
												
												
												
												
												
												
												
												
												
												
												
												
												
												
												
												
												
												
												
												
												
												
												
												
												
												
												
												
												
												
												
												
												
												
												
												
												
												
												
												
												
												
												
												
												
												
												
												
												
												
												
												
												
												
												
												
												
												
												
												
												
												
												
												
												
												
												
												
												
												
												
												
												
												
												
												
												
												
												
												
												
												
												
												
												
												
												
												
												
												
												
												
												
												
												
												
												
												
												
												
												
												
												
												
												
												
												
												
												
												
												
												
												
												
												
												
												
												
												
												
												
												
												
												
												
												
												
												
												
												
												
												
												
												
												
												
												
												
												
												
												
												
												
												
												
												
												
												
												
												
												
												
												
												
												
												
												
												
												
												
												
												
												
												
												
												
												
												
												
												
												
												
												
												
												
												
												
												
												
												
												
												
												
												
												
												
												
												
												
												
												
												
												
												
												
												
												
												
												
												
												
												
												
												
												
												
												
												
												
												
												
												
												
												
												
												
												
												
												
												
												
												
												
												
												
												
												
												
												
												
												
												
												
												
												
												
												
												
												
												
												
												
												
												
												
												
												
												
												
												
												
												
												
												
												
												
												
												
												
												
												
												
												
												
												
												
												
												
												
												
												
												
												
												
												
												
												
												
												
												
												
												
												
												
												
												
												
												
												
												
												
												
												
												
												
												
												
												
												
												
												
												
												
												
												
												
												
												
												
												
												
												
												
												
												
												
												
												
												
												
												
												
												
												
												
												
												
												
												
												
												
												
												
												
												
												
												
												
												
												
												
												
												
												
												
												
												
												
												
												
												
												
												
												
												
												
												
												
												
												
												
												
												
												
												
												
												
												
												
												
												
												
												
												
												
												
												
												
												
												
												
												
												
												
												
												
												
												
												
												
												
												
												
												
												
												
												
												
												
												
												
												
												
												
												
												
												
												
												
												
												
												
												
												
												
												
												
												
												
												
												
												
												
												
												
												
												
												
												
												
												
												
												
												
												
												
												
												
												
												
												
												
												
												
												
												
												
												
												
												
												
												
												
												
												
												
												
												
												
												
												
												
												
												
												
												
												
												
												
												
												
												
												
												
												
												
												
												
												
												
												
												
												
												